dataset,omitted_detector,method,m,trc,within_component_over_total,boundary_component_over_total,within_pair_average,boundary_pair_average,within_numerator,boundary_numerator,comparable_pairs,oracle_normalized_trc,full_kendall_tau_b,top_only_kendall_tau_b,ndcg_at_m,ap_pathological,ap_abnormal,auc_pathological,precision_pathological_at_m,precision_abnormal_at_m,pathological_recall_at_m,abnormal_recall_at_m
UCI Cardiotocography (ordinal),Isolation forest,Borda mean rank,213,0.3158794271323832,0.00262994509902406,0.3132494820333591,0.05009301089556205,0.3306067455438328,1131.0,134712.0,430047,0.3358833928814272,0.14352768540035105,0.06712215227385966,0.5146642806295376,0.37029625005017586,0.34549875656859114,0.8205040792540793,0.39906103286384975,0.4694835680751174,0.48295454545454547,0.21231422505307856
UCI Cardiotocography (ordinal),Isolation forest,Median rank,213,0.3065455636244411,0.0033066153234413915,0.3032389483009997,0.06298166356630348,0.32004152463132163,1422.0,130407.0,430047,0.32595843584259526,0.12337784171014389,0.08362769242939448,0.4503599663508787,0.3239396121745376,0.33103393577222895,0.8219842657342658,0.3755868544600939,0.4647887323943662,0.45454545454545453,0.21019108280254778
UCI Cardiotocography (ordinal),Isolation forest,Reciprocal-rank fusion,213,0.2827109594997756,0.005429639085960372,0.27728132041381526,0.1034192576844716,0.2926455754916325,2335.0,119244.0,430047,0.3006144374250498,0.18152445010798002,0.13901959543397166,0.4919650858993108,0.37511681529731256,0.3644485968033522,0.835623543123543,0.3615023474178404,0.4413145539906103,0.4375,0.19957537154989385
UCI Cardiotocography (ordinal),Isolation forest,Rank product,213,0.294430608747416,0.004794824751713185,0.2896357839957028,0.0913278412614049,0.3056846042275609,2062.0,124557.0,430047,0.3130762668908478,0.16417664160899453,0.12268248343756594,0.5022655316140391,0.37732229904136916,0.35816592279743464,0.8296794871794873,0.3755868544600939,0.4507042253521127,0.45454545454545453,0.20382165605095542
UCI Cardiotocography (ordinal),Isolation forest,Best-rank fusion,213,0.22294074833680969,0.0088339181531321,0.2141068301836776,0.16826113916201613,0.22597056463191065,3799.0,92076.0,430047,0.23705910714948014,0.2135099736944412,0.23435203285898298,0.44207167190680347,0.3508872253001918,0.3711031856778271,0.8391666666666667,0.323943661971831,0.38497652582159625,0.39204545454545453,0.1740976645435244
UCI Cardiotocography (ordinal),Local outlier factor,Borda mean rank,213,0.34761084253581587,0.0074619750864440395,0.34014886744937184,0.1421295065993445,0.3589966353268592,3209.0,146280.0,430047,0.3696242906771175,0.16922030495319357,0.19210351730864025,0.5541926267584875,0.4239389560737954,0.3698822690429269,0.8377301864801865,0.43661971830985913,0.48826291079812206,0.5284090909090909,0.2208067940552017
UCI Cardiotocography (ordinal),Local outlier factor,Median rank,213,0.3880459577674068,0.004897139149906871,0.38314881861749994,0.09327664097794314,0.4043792288493112,2106.0,164772.0,430047,0.4126200749193319,0.181169817529091,0.12287880642476225,0.580154585213195,0.4414930171771592,0.38990798090629675,0.850979020979021,0.4460093896713615,0.5305164319248826,0.5397727272727273,0.23991507430997877
UCI Cardiotocography (ordinal),Local outlier factor,Reciprocal-rank fusion,213,0.3621348364248559,0.003848416568421591,0.3582864198564343,0.07330144388342634,0.37813919586520695,1655.0,154080.0,430047,0.3850680579079457,0.200690662694602,0.09760134198548269,0.5632919351836116,0.4297744112322077,0.3903659364503218,0.852759324009324,0.43661971830985913,0.5070422535211268,0.5284090909090909,0.22929936305732485
UCI Cardiotocography (ordinal),Local outlier factor,Rank product,213,0.3853555541603592,0.0023602071401497976,0.38299534702020943,0.04495526618832492,0.40421725333706365,1015.0,164706.0,430047,0.40975929382966364,0.18764952390879114,0.06018042770018192,0.5830539565097715,0.43058080821374073,0.38379274557648413,0.848409090909091,0.4647887323943662,0.5258215962441315,0.5625,0.23779193205944799
UCI Cardiotocography (ordinal),Local outlier factor,Best-rank fusion,213,0.2615714096366211,0.006962029731633984,0.2546093799049871,0.13260696252989637,0.26871737481869784,2994.0,109494.0,430047,0.27813616526759555,0.22264577593248688,0.182197943970744,0.4726148623038495,0.3737327032954097,0.3834397444708343,0.8499125874125876,0.3615023474178404,0.41784037558685444,0.4375,0.18895966029723993
UCI Cardiotocography (ordinal),kNN distance,Borda mean rank,213,0.3297430280876276,0.0030438533462621526,0.3266991747413655,0.05797679156701214,0.344801690435346,1309.0,140496.0,430047,0.3506249459121985,0.19224661289438918,0.07798427156295258,0.5292662997720482,0.39356923433994834,0.36950701526912044,0.8520571095571096,0.41784037558685444,0.4788732394366197,0.5056818181818182,0.21656050955414013
UCI Cardiotocography (ordinal),kNN distance,Median rank,213,0.33110101919092566,0.005343601978388408,0.32575741721253726,0.10178049428647355,0.34380774979200873,2298.0,140091.0,430047,0.35206893567569575,0.19855994843461056,0.13451639325729975,0.5302478432769027,0.41424707086376045,0.3873753905090175,0.8622494172494173,0.39436619718309857,0.4835680751173709,0.4772727272727273,0.21868365180467092
UCI Cardiotocography (ordinal),kNN distance,Reciprocal-rank fusion,213,0.31522368485305097,0.004164661071929347,0.3110590237811216,0.0793250066436354,0.3282949132326631,1791.0,133770.0,430047,0.3351861238517933,0.2114434727409152,0.10572142107122126,0.5207656397083076,0.40535016413579,0.3869264753368482,0.856756993006993,0.38967136150234744,0.4694835680751174,0.4715909090909091,0.21231422505307856
UCI Cardiotocography (ordinal),kNN distance,Rank product,213,0.3238808781365758,0.003906549749213458,0.31997432838736234,0.07440871644964124,0.3377042179895894,1680.0,137604.0,430047,0.3443915585940881,0.20376998261828835,0.09988286980458073,0.531224630155404,0.4081906181387005,0.383724107731264,0.8566433566433567,0.4084507042253521,0.47417840375586856,0.4943181818181818,0.21443736730360935
UCI Cardiotocography (ordinal),kNN distance,Best-rank fusion,213,0.23384188239890058,0.0084758177594542,0.2253660646394464,0.16144034015413233,0.23785367721225417,3645.0,96918.0,430047,0.2486505866208414,0.22106087477745212,0.22370186412365917,0.4467377557594474,0.3562340431153519,0.37578584190606457,0.8450495337995337,0.3333333333333333,0.39436619718309857,0.4034090909090909,0.17834394904458598
UCI Cardiotocography (ordinal),PCA reconstruction,Borda mean rank,213,0.283594583847812,0.0052180343078779765,0.278376549539934,0.09938878554344938,0.29380149164721736,2244.0,119715.0,430047,0.3015540198054076,0.16932100309287806,0.13392901868513307,0.4975196675060857,0.3810406263468636,0.3667201956497653,0.8438811188811188,0.36619718309859156,0.4413145539906103,0.4431818181818182,0.19957537154989385
UCI Cardiotocography (ordinal),PCA reconstruction,Median rank,213,0.3345285515304141,0.003141517089992489,0.3313870344404216,0.05983700947825317,0.34974930608218047,1351.0,142512.0,430047,0.35571352627739933,0.1626165501405487,0.07900616164404695,0.480193067755471,0.35639276204606934,0.35438907204021053,0.8521037296037295,0.39906103286384975,0.48826291079812206,0.48295454545454547,0.2208067940552017
UCI Cardiotocography (ordinal),PCA reconstruction,Reciprocal-rank fusion,213,0.293751613195767,0.005211058326182952,0.288540554869584,0.09925591283550358,0.30452868807197603,2241.0,124086.0,430047,0.31235427200909915,0.19920645967925177,0.1329980046381251,0.5053537550788514,0.39665501605806897,0.3820215124494302,0.856911421911422,0.37089201877934275,0.4507042253521127,0.44886363636363635,0.20382165605095542
UCI Cardiotocography (ordinal),PCA reconstruction,Rank product,213,0.29373766123237693,0.005197106362792904,0.288540554869584,0.09899016741961202,0.30452868807197603,2235.0,124086.0,430047,0.3123394364978303,0.18547940602892307,0.13264191894966962,0.5040051356930336,0.39030643879887145,0.37383453968314023,0.8522698135198136,0.37089201877934275,0.4507042253521127,0.44886363636363635,0.20382165605095542
UCI Cardiotocography (ordinal),PCA reconstruction,Best-rank fusion,213,0.25855080956267573,0.004883187186516823,0.25366762237615886,0.09301089556205155,0.2677234341753606,2100.0,109089.0,430047,0.27492427707789885,0.2317655248439162,0.12567877510057227,0.4580069880440245,0.360581751253051,0.3841888725403,0.8592744755244754,0.3380281690140845,0.4225352112676056,0.4090909090909091,0.1910828025477707
UCI Cardiotocography (ordinal),HBOS,Borda mean rank,213,0.3161910209814276,0.002941538948068467,0.3132494820333591,0.05602799185047391,0.3306067455438328,1265.0,134712.0,430047,0.3362147192997639,0.17468281418274706,0.07507473264936558,0.5180935635059757,0.3853631996267783,0.36268285396209926,0.836958041958042,0.39906103286384975,0.4694835680751174,0.48295454545454547,0.21231422505307856
UCI Cardiotocography (ordinal),HBOS,Median rank,213,0.31623520219882945,0.002832248568179757,0.3134029536306497,0.0539463194259899,0.33076872105608035,1218.0,134778.0,430047,0.3362616984187818,0.1727885216420149,0.07128065896925494,0.46291768564301733,0.341795321367297,0.3556550880919924,0.8491899766899766,0.38028169014084506,0.47417840375586856,0.4602272727272727,0.21443736730360935
UCI Cardiotocography (ordinal),HBOS,Reciprocal-rank fusion,213,0.297132638990622,0.0051529251453910855,0.29197971384523086,0.09814864026928868,0.3081584120509781,2216.0,125565.0,430047,0.3159494109065734,0.20536509952662443,0.13069067436751589,0.5032689039202609,0.3925603917281235,0.38083132714208645,0.8500874125874126,0.36619718309859156,0.45539906103286387,0.4431818181818182,0.2059447983014862
UCI Cardiotocography (ordinal),HBOS,Rank product,213,0.3129960213651066,0.0041274558362225525,0.30886856552888403,0.07861635220125786,0.3259830809214934,1775.0,132828.0,430047,0.33281738721920706,0.1922758007609644,0.10425335106653096,0.513877007822019,0.39127839317339125,0.3745936042867771,0.8460926573426573,0.38028169014084506,0.4694835680751174,0.4602272727272727,0.21231422505307856
UCI Cardiotocography (ordinal),HBOS,Best-rank fusion,213,0.23289779954284068,0.00753173490339428,0.2253660646394464,0.14345823367880237,0.23785367721225417,3239.0,96918.0,430047,0.2476467170249855,0.22568423284296787,0.19878472918972073,0.4480156327692841,0.35262914034563114,0.37734019391705076,0.8449504662004663,0.3333333333333333,0.39436619718309857,0.4034090909090909,0.17834394904458598
UCI Cardiotocography (ordinal),Robust diagonal distance,Borda mean rank,213,0.36639018525882056,0.0024741481745018568,0.3639160370843187,0.04712552041810612,0.3840807521553787,1064.0,156501.0,430047,0.3895928888449318,0.12254160933276367,0.06272085017496745,0.5568880495615526,0.3905977578678367,0.35268425423275707,0.8179020979020979,0.4413145539906103,0.5117370892018779,0.5340909090909091,0.23142250530785563
UCI Cardiotocography (ordinal),Robust diagonal distance,Median rank,213,0.38620429859992045,0.005245938234658072,0.3809583603652624,0.09992027637523253,0.40206739653814155,2256.0,163830.0,430047,0.41066178743184933,0.12930443801824348,0.13087853237163896,0.5753989672652208,0.4252094836774375,0.37369687549817926,0.8313344988344988,0.43661971830985913,0.5305164319248826,0.5284090909090909,0.23991507430997877
UCI Cardiotocography (ordinal),Robust diagonal distance,Reciprocal-rank fusion,213,0.3434392054821915,0.006422553813885459,0.337016651668306,0.1223314731154221,0.35569086237235226,2762.0,144933.0,430047,0.36518847280774414,0.13816441491715328,0.16137787524194297,0.5443179270594685,0.4138857240113752,0.37074921818207424,0.8266491841491841,0.40375586854460094,0.49295774647887325,0.48863636363636365,0.2229299363057325
UCI Cardiotocography (ordinal),Robust diagonal distance,Rank product,213,0.36058616848856057,0.004490206884363802,0.35609596160419676,0.08552573301443883,0.37582736355403723,1931.0,153138.0,430047,0.3834213161571081,0.13212544532273907,0.11320448287516786,0.5599200600028541,0.4159945771914037,0.36853496007780606,0.8244522144522145,0.4272300469483568,0.5070422535211268,0.5170454545454546,0.22929936305732485
UCI Cardiotocography (ordinal),Robust diagonal distance,Best-rank fusion,213,0.28579434340897625,0.007417793869042221,0.278376549539934,0.14128797944902116,0.29380149164721736,3190.0,119715.0,430047,0.3038930854154562,0.1532078413500247,0.1903892912680813,0.49861269089893095,0.3847752559682651,0.3655056181295868,0.8253146853146853,0.36619718309859156,0.4413145539906103,0.4431818181818182,0.19957537154989385
ADBench Mammography (binary stress test),Isolation forest,Borda mean rank,260,0.21153097976441113,0.0015610808553581683,0.20996989890905296,0.13323433323433323,0.21245924267072303,4486.0,603380.0,2873650,0.21403883125937506,0.13898918439640895,0.22317579373093957,0.2829053305750182,0.17816658232066304,0.17816658232066304,0.826074831512898,0.23076923076923078,0.23076923076923078,0.23076923076923078,0.23076923076923078
ADBench Mammography (binary stress test),Isolation forest,Median rank,260,0.23583038992222435,0.0025110921650166166,0.23331929775720772,0.21431541431541432,0.23608546539060135,7216.0,670478.0,2873650,0.23862632835442504,0.14713960961228653,0.3475378688245445,0.3139207981687741,0.21399432173156885,0.21399432173156885,0.8451960929302319,0.25384615384615383,0.25384615384615383,0.25384615384615383,0.25384615384615383
ADBench Mammography (binary stress test),Isolation forest,Reciprocal-rank fusion,260,0.22763802133175579,0.0021018565239329773,0.2255361648078228,0.1793881793881794,0.22821005781730858,6040.0,648112.0,2873650,0.23033683335798139,0.13678918195065293,0.29389849203631785,0.3035830502448387,0.18601103384659592,0.18601103384659592,0.8209135275600532,0.24615384615384617,0.24615384615384617,0.24615384615384617,0.24615384615384617
ADBench Mammography (binary stress test),Isolation forest,Rank product,260,0.2390430289005272,0.0018321646686270076,0.2372108642319002,0.15637065637065636,0.24002316917724772,5265.0,681661.0,2873650,0.24187705547222163,0.14055611204913732,0.2523252786173693,0.31123662609024005,0.193944401282368,0.193944401282368,0.829750913738829,0.25769230769230766,0.25769230769230766,0.25769230769230766,0.25769230769230766
ADBench Mammography (binary stress test),Isolation forest,Best-rank fusion,260,0.191774920397404,0.0012628538618133732,0.19051206653559064,0.10778140778140778,0.1927707237374911,3629.0,547465.0,2873650,0.19404854963767348,0.12767383548196012,0.18625465457092052,0.25458516046127727,0.13576580171480443,0.13576580171480443,0.7995285178064635,0.21153846153846154,0.21153846153846154,0.21153846153846154,0.21153846153846154
ADBench Mammography (binary stress test),Local outlier factor,Borda mean rank,260,0.18052024428862248,0.0016828771771092513,0.17883736711151324,0.14362934362934363,0.18095761237755195,4836.0,513916.0,2873650,0.18266044127071318,0.13985639780421205,0.2534144613452224,0.25890599955902993,0.16840603957251604,0.16840603957251604,0.8281093528827668,0.2,0.2,0.2,0.2
ADBench Mammography (binary stress test),Local outlier factor,Median rank,260,0.24275955666138882,0.001657125954796165,0.24110243070659265,0.14143154143154144,0.2439608729638941,4762.0,692844.0,2873650,0.24563764533553054,0.1493991973337258,0.22712386088765063,0.3214412191892423,0.21257513530423952,0.21257513530423952,0.8504971865999056,0.26153846153846155,0.26153846153846155,0.26153846153846155,0.26153846153846155
ADBench Mammography (binary stress test),Local outlier factor,Reciprocal-rank fusion,260,0.22356932820628816,0.0019247298731578306,0.22164459833313033,0.16427086427086426,0.22427235403066217,5531.0,636929.0,2873650,0.22621990295706307,0.13981632407976008,0.2705694211130652,0.30277852379571146,0.1886202700723345,0.1886202700723345,0.828015338136184,0.2423076923076923,0.2423076923076923,0.2423076923076923,0.2423076923076923
ADBench Mammography (binary stress test),Local outlier factor,Rank product,260,0.223357750595932,0.0017131522628016634,0.22164459833313033,0.14621324621324622,0.22427235403066217,4923.0,636929.0,2873650,0.22600581694237282,0.14266456029296187,0.24082684146440422,0.29927684253549036,0.189660782120797,0.189660782120797,0.8346974274466721,0.2423076923076923,0.2423076923076923,0.2423076923076923,0.2423076923076923
ADBench Mammography (binary stress test),Local outlier factor,Best-rank fusion,260,0.2000521984236076,0.0017569989386320532,0.19829519948497557,0.14995544995544996,0.20064613131078388,5049.0,569831.0,2873650,0.20242396073211782,0.1302957377008789,0.255798719258799,0.2754401629677515,0.15826554669325021,0.15826554669325021,0.8056796174620948,0.21923076923076923,0.21923076923076923,0.21923076923076923,0.21923076923076923
ADBench Mammography (binary stress test),kNN distance,Borda mean rank,260,0.22300210533641884,0.0013575070032885007,0.22164459833313033,0.11585981585981586,0.22427235403066217,3901.0,636929.0,2873650,0.22564595525320602,0.14178443924357498,0.19083191317339854,0.2967504753560904,0.1861695545083776,0.1861695545083776,0.8326326241734097,0.2423076923076923,0.2423076923076923,0.2423076923076923,0.2423076923076923
ADBench Mammography (binary stress test),kNN distance,Median rank,260,0.2158133384371792,0.0019518730534337863,0.2138614653837454,0.1665874665874666,0.21639694645736943,5609.0,614563.0,2873650,0.21837196036591808,0.1506663975417704,0.2774421402835774,0.3036492012696374,0.21325708219630596,0.21325708219630596,0.853470094859823,0.23461538461538461,0.23461538461538461,0.23461538461538461,0.23461538461538461
ADBench Mammography (binary stress test),kNN distance,Reciprocal-rank fusion,260,0.2198354009708907,0.0020823691124528037,0.21775303185843786,0.17772497772497772,0.2203346502440158,5984.0,625746.0,2873650,0.22244170733596716,0.13882438683293233,0.294334782267266,0.30234643405094835,0.18976346919184164,0.18976346919184164,0.8256882090718948,0.23846153846153847,0.23846153846153847,0.23846153846153847,0.23846153846153847
ADBench Mammography (binary stress test),kNN distance,Rank product,260,0.2466271118612218,0.001633114679936666,0.24499399718128512,0.13938223938223937,0.2478985767505405,4693.0,704027.0,2873650,0.24955105317643084,0.14273510205510578,0.2227859338154133,0.32325561932802255,0.20138737568816753,0.20138737568816753,0.8348629215698702,0.2653846153846154,0.2653846153846154,0.2653846153846154,0.2653846153846154
ADBench Mammography (binary stress test),kNN distance,Best-rank fusion,260,0.19580394272092982,0.0014003097106467385,0.1944036330102831,0.11951291951291951,0.1967084275241375,4024.0,558648.0,2873650,0.1981253389108374,0.1287091484080636,0.20517635803293033,0.2621880125919786,0.1409856735056565,0.1409856735056565,0.8019574081507617,0.2153846153846154,0.2153846153846154,0.2153846153846154,0.2153846153846154
ADBench Mammography (binary stress test),PCA reconstruction,Borda mean rank,260,0.25470673185669795,0.0019296017260278739,0.25277713013067005,0.16468666468666468,0.25577398432383325,5545.0,726393.0,2873650,0.2577264628624146,0.15320635124551776,0.2608674637539051,0.3347971984459498,0.23150697746220367,0.23150697746220367,0.85942893964042,0.27307692307692305,0.27307692307692305,0.27307692307692305,0.27307692307692305
ADBench Mammography (binary stress test),PCA reconstruction,Median rank,260,0.2157291249804256,0.0018676595966801803,0.2138614653837454,0.1594000594000594,0.21639694645736943,5367.0,614563.0,2873650,0.21828674849822885,0.1516755950069951,0.26547191422748434,0.2896150092288045,0.19537511588992065,0.19537511588992065,0.8558377171670224,0.23461538461538461,0.23461538461538461,0.23461538461538461,0.23461538461538461
ADBench Mammography (binary stress test),PCA reconstruction,Reciprocal-rank fusion,260,0.23106154194143336,0.0016338106589181007,0.22942773128251526,0.13944163944163945,0.23214776160395495,4695.0,659295.0,2873650,0.23380094226015674,0.14731161144083316,0.22726892327259135,0.31036391055383217,0.19592010622259548,0.19592010622259548,0.8455996168987104,0.25,0.25,0.25,0.25
ADBench Mammography (binary stress test),PCA reconstruction,Rank product,260,0.2542933203417257,0.001516190211055626,0.25277713013067005,0.1294030294030294,0.25577398432383325,4357.0,726393.0,2873650,0.25730815005739477,0.14979948431167853,0.20497737413449316,0.32716110674345383,0.2082563990520834,0.2082563990520834,0.8514362777202659,0.27307692307692305,0.27307692307692305,0.27307692307692305,0.27307692307692305
ADBench Mammography (binary stress test),PCA reconstruction,Best-rank fusion,260,0.183693908443965,0.0009649748577592956,0.1827289335862057,0.08235818235818236,0.18489531616419833,2773.0,525099.0,2873650,0.18587173149106684,0.14123661492054254,0.14427969110785507,0.23921043447780024,0.1390899100078133,0.1390899100078133,0.8313474038549568,0.20384615384615384,0.20384615384615384,0.20384615384615384,0.20384615384615384
ADBench Mammography (binary stress test),HBOS,Borda mean rank,260,0.21139526386303134,0.00142536495397839,0.20996989890905296,0.12165132165132166,0.21245924267072303,4096.0,603380.0,2873650,0.21390150634863625,0.14092788214452126,0.20377352900622572,0.2779811651645221,0.17254460710535535,0.17254460710535535,0.8306231029795983,0.23076923076923078,0.23076923076923078,0.23076923076923078,0.23076923076923078
ADBench Mammography (binary stress test),HBOS,Median rank,260,0.24316252849163955,0.0020600977850468915,0.24110243070659265,0.17582417582417584,0.2439608729638941,5920.0,692844.0,2873650,0.24604539468587808,0.15075510005544498,0.28235473676079204,0.3132250944221015,0.20727170696492256,0.20727170696492256,0.8536781949168656,0.26153846153846155,0.26153846153846155,0.26153846153846155,0.26153846153846155
ADBench Mammography (binary stress test),HBOS,Reciprocal-rank fusion,260,0.22351852174064343,0.0018739234075130931,0.22164459833313033,0.15993465993465994,0.22427235403066217,5385.0,636929.0,2873650,0.22616849414432497,0.13869516032823892,0.26342728850006436,0.2930442664039622,0.17801739685407353,0.17801739685407353,0.8253850379228024,0.2423076923076923,0.2423076923076923,0.2423076923076923,0.2423076923076923
ADBench Mammography (binary stress test),HBOS,Rank product,260,0.23887460198701999,0.0016637377551197955,0.2372108642319002,0.141995841995842,0.24002316917724772,4781.0,681661.0,2873650,0.2417066317368432,0.14232505930153738,0.22912956449565863,0.30522434326894843,0.18745918086063404,0.18745918086063404,0.8339009429643872,0.25769230769230766,0.25769230769230766,0.25769230769230766,0.25769230769230766
ADBench Mammography (binary stress test),HBOS,Best-rank fusion,260,0.19159605379917527,0.0010839872635846398,0.19051206653559064,0.09251559251559252,0.1927707237374911,3115.0,547465.0,2873650,0.19386756244762288,0.12890036161013027,0.1598741386024848,0.2490408264376572,0.13253525270927138,0.13253525270927138,0.8024060028591751,0.21153846153846154,0.21153846153846154,0.21153846153846154,0.21153846153846154
ADBench Mammography (binary stress test),Robust diagonal distance,Borda mean rank,260,0.20814573799871244,0.0020674055643519567,0.2060783324343605,0.17644787644787646,0.20852153888407665,5941.0,592197.0,2873650,0.21061345502433115,0.14224821380745722,0.2973130414319521,0.29462423438986146,0.19997084487983374,0.19997084487983374,0.8337206600046478,0.22692307692307692,0.22692307692307692,0.22692307692307692,0.22692307692307692
ADBench Mammography (binary stress test),Robust diagonal distance,Median rank,260,0.2626130530857968,0.002052790005741827,0.260560263080055,0.17520047520047521,0.26364939189712605,5899.0,748759.0,2873650,0.26572651920083945,0.15217223903025928,0.27515322323614794,0.3470123895969341,0.2390753196625619,0.2390753196625619,0.8570028662173678,0.28076923076923077,0.28076923076923077,0.28076923076923077,0.28076923076923077
ADBench Mammography (binary stress test),Robust diagonal distance,Reciprocal-rank fusion,260,0.23949193534355262,0.002281071111652428,0.2372108642319002,0.19468369468369467,0.24002316917724772,6555.0,681661.0,2873650,0.24233128402312692,0.14124156785277817,0.31414856625581306,0.32436696234429974,0.21148009917162733,0.21148009917162733,0.8313590236550962,0.25769230769230766,0.25769230769230766,0.25769230769230766,0.25769230769230766
ADBench Mammography (binary stress test),Robust diagonal distance,Rank product,260,0.25854714387625494,0.001878447270892419,0.2566686966053625,0.1603207603207603,0.2597116881104797,5398.0,737576.0,2873650,0.26161240572116706,0.14482448901426592,0.25285185795710485,0.3383120782720157,0.21890502577876725,0.21890502577876725,0.8397647166529342,0.27692307692307694,0.27692307692307694,0.27692307692307694,0.27692307692307694
ADBench Mammography (binary stress test),Robust diagonal distance,Best-rank fusion,260,0.20361421885059072,0.0014274528909226942,0.20218676595966803,0.12182952182952184,0.20458383509743025,4102.0,581014.0,2873650,0.20602821146627795,0.130279678193327,0.20653060456862218,0.26855282430210387,0.146648395273403,0.146648395273403,0.8056419411404305,0.2230769230769231,0.2230769230769231,0.2230769230769231,0.2230769230769231
