dataset,method,kind,m,primary_depth,trc,within_component_over_total,boundary_component_over_total,within_pair_average,boundary_pair_average,within_numerator,boundary_numerator,comparable_pairs,oracle_normalized_trc,full_kendall_tau_b,top_only_kendall_tau_b,ndcg_at_m,ap_pathological,ap_abnormal,auc_pathological,precision_pathological_at_m,precision_abnormal_at_m,pathological_recall_at_m,abnormal_recall_at_m
UCI Cardiotocography (ordinal),Base: Isolation forest,base,176,False,0.453851087562744,0.006712214166201896,0.4471388733965421,0.1562987012987013,0.4672027972027972,2407.0,160344.0,358600,0.47421620046620044,0.23491343625405428,0.20808023575567863,0.6035420093796823,0.498447343449577,0.43405699060864494,0.8918881118881119,0.5113636363636364,0.5852272727272727,0.5113636363636364,0.21868365180467092
UCI Cardiotocography (ordinal),Base: Isolation forest,base,213,True,0.406571839822159,0.010915086025480936,0.39565675379667803,0.2079014970325095,0.41758023309748715,4694.0,170151.0,430047,0.4323191612990963,0.23491343625405428,0.2706750579889331,0.5932729611342467,0.498447343449577,0.43405699060864494,0.8918881118881119,0.4413145539906103,0.5446009389671361,0.5340909090909091,0.24628450106157113
UCI Cardiotocography (ordinal),Base: Isolation forest,base,425,False,0.27326465975831,0.023194858706681837,0.2500698010516282,0.2093007769145394,0.2812366428052703,18858.0,203313.0,813025,0.29415129187933187,0.23491343625405428,0.28105237038570463,0.5529574622072887,0.498447343449577,0.43405699060864494,0.8918881118881119,0.30117647058823527,0.41411764705882353,0.7272727272727273,0.37367303609341823
UCI Cardiotocography (ordinal),Base: Local outlier factor,base,176,False,0.1483100948131623,0.0032961517010596767,0.1450139431121026,0.07675324675324675,0.15152097902097902,1182.0,52002.0,358600,0.15496503496503494,0.11402313047278402,0.10787509741440551,0.32551652138401593,0.22536334740286482,0.3013836919769567,0.7807634032634032,0.2159090909090909,0.3409090909090909,0.2159090909090909,0.12738853503184713
UCI Cardiotocography (ordinal),Base: Local outlier factor,base,213,True,0.1262443407348499,0.005036658783807351,0.12120768195104256,0.09593409513685888,0.1279238420591505,2166.0,52125.0,430047,0.13423912371580107,0.11402313047278402,0.13673526029453134,0.3196566847460134,0.22536334740286482,0.3013836919769567,0.7807634032634032,0.1784037558685446,0.323943661971831,0.2159090909090909,0.1464968152866242
UCI Cardiotocography (ordinal),Base: Local outlier factor,base,425,False,0.14617631684142554,0.0007453645336859261,0.1454309523077396,0.006725860155382908,0.16355638551716983,606.0,118239.0,813025,0.1573491152463607,0.11402313047278402,0.009487404743843764,0.3866304463407138,0.22536334740286482,0.3013836919769567,0.7807634032634032,0.1976470588235294,0.33647058823529413,0.4772727272727273,0.3036093418259023
UCI Cardiotocography (ordinal),Base: kNN distance,base,176,False,0.36741215839375346,0.0037311767986614613,0.36368098159509205,0.08688311688311688,0.38,1338.0,130416.0,358600,0.3838986013986014,0.03860168324240052,0.11260520114639147,0.5080168969494676,0.34845682702635855,0.3263341229396083,0.7589423076923076,0.4090909090909091,0.5227272727272727,0.4090909090909091,0.19532908704883228
UCI Cardiotocography (ordinal),Base: kNN distance,base,213,True,0.3555448590502899,0.0038298139505681937,0.3517150450997217,0.07294711666223758,0.37120369893169786,1647.0,151254.0,430047,0.3780607514186458,0.03860168324240052,0.0955228886092219,0.5314459000294707,0.34845682702635855,0.3263341229396083,0.7589423076923076,0.4084507042253521,0.5070422535211268,0.4943181818181818,0.22929936305732485
UCI Cardiotocography (ordinal),Base: kNN distance,base,425,False,0.20011807754989083,0.022835706159097198,0.17728237139079364,0.2060599334073252,0.1993775287892935,18566.0,144135.0,813025,0.21541384492152071,0.03860168324240052,0.2894913287708712,0.4713931961209237,0.34845682702635855,0.3263341229396083,0.7589423076923076,0.25882352941176473,0.35294117647058826,0.625,0.3184713375796178
UCI Cardiotocography (ordinal),Base: PCA reconstruction,base,176,False,0.2573814835471277,0.004531511433351924,0.2528499721137758,0.10551948051948051,0.2641958041958042,1625.0,90672.0,358600,0.26893065268065264,0.08416248357299924,0.14152421556464273,0.4291875106697357,0.2930527132516142,0.3192459447526733,0.7029516317016317,0.32954545454545453,0.42613636363636365,0.32954545454545453,0.1592356687898089
UCI Cardiotocography (ordinal),Base: PCA reconstruction,base,213,True,0.259499543073199,0.003487990847512016,0.25601155222568694,0.06643635397289396,0.2701972419987778,1500.0,110097.0,430047,0.2759330918441777,0.08416248357299924,0.08903204287175305,0.45236766320711413,0.2930527132516142,0.3192459447526733,0.7029516317016317,0.3286384976525822,0.4272300469483568,0.3977272727272727,0.1932059447983015
UCI Cardiotocography (ordinal),Base: PCA reconstruction,base,425,False,0.15725346699055995,0.014464499861627872,0.14278896712893208,0.13052164261931187,0.16058512293806412,11760.0,116091.0,813025,0.16927293309236788,0.08416248357299924,0.18702588552378802,0.42464668012168594,0.2930527132516142,0.3192459447526733,0.7029516317016317,0.22588235294117648,0.3270588235294118,0.5454545454545454,0.2951167728237792
UCI Cardiotocography (ordinal),Base: HBOS,base,176,False,0.38162855549358615,0.006126603457891801,0.37550195203569436,0.14266233766233766,0.3923513986013986,2197.0,134655.0,358600,0.3987529137529137,0.10193789431731178,0.19069585627433994,0.5530248802724362,0.425752827906803,0.35787134338239396,0.8130477855477856,0.4602272727272727,0.5227272727272727,0.4602272727272727,0.19532908704883228
UCI Cardiotocography (ordinal),Base: HBOS,base,213,True,0.36986189881571085,0.007041090857510923,0.36282080795819993,0.13411285321994862,0.3829248359997938,3028.0,156030.0,430047,0.39328445856565336,0.10193789431731178,0.17795138882114764,0.5697250917871521,0.425752827906803,0.35787134338239396,0.8130477855477856,0.43661971830985913,0.5117370892018779,0.5284090909090909,0.23142250530785563
UCI Cardiotocography (ordinal),Base: HBOS,base,425,False,0.19645521355431875,0.023969742627840473,0.17248547092647828,0.2162930077691454,0.1939827782965038,19488.0,140235.0,813025,0.21147101463666515,0.10193789431731178,0.3054576372378281,0.48660831725644843,0.425752827906803,0.35787134338239396,0.8130477855477856,0.25882352941176473,0.34823529411764703,0.625,0.31422505307855625
UCI Cardiotocography (ordinal),Base: Robust diagonal distance,base,176,False,0.19615170105967653,-0.004001673173452315,0.20015337423312884,-0.09318181818181819,0.2091346153846154,-1435.0,71775.0,358600,0.20495337995337995,0.30247021283574316,-0.12833356830214132,0.3078265534177842,0.264787482945692,0.3823810409999411,0.858761655011655,0.2897727272727273,0.3806818181818182,0.2897727272727273,0.14225053078556263
UCI Cardiotocography (ordinal),Base: Robust diagonal distance,base,213,True,0.2101374965992089,-0.004276276779049732,0.21441377337825865,-0.081450969970768,0.22629451565640576,-1839.0,92208.0,430047,0.22344505297513814,0.30247021283574316,-0.11062824618962201,0.3377720776094024,0.264787482945692,0.3823810409999411,0.858761655011655,0.2863849765258216,0.39436619718309857,0.3465909090909091,0.17834394904458598
UCI Cardiotocography (ordinal),Base: Robust diagonal distance,base,425,False,0.3008825066879862,-0.009148550167584023,0.31003105685557025,-0.0825527192008879,0.3486710239651416,-7438.0,252063.0,813025,0.32388007334882396,0.30247021283574316,-0.10627279430527123,0.4823774059768368,0.264787482945692,0.3823810409999411,0.858761655011655,0.30117647058823527,0.47294117647058825,0.7272727272727273,0.4267515923566879
UCI Cardiotocography (ordinal),Borda mean rank,aggregate,176,False,0.3244562186279978,0.004277746793084216,0.32017847183491355,0.09961038961038961,0.33454545454545453,1534.0,114816.0,358600,0.33901515151515155,0.16264135982713765,0.13335762886582558,0.5002622879606371,0.3928209672280254,0.3599642246791295,0.8369609557109556,0.4090909090909091,0.4772727272727273,0.4090909090909091,0.17834394904458598
UCI Cardiotocography (ordinal),Borda mean rank,aggregate,213,True,0.34041162942655107,0.0024532202294167845,0.33795840919713427,0.046726902294268756,0.35668480301568956,1055.0,145338.0,430047,0.36196916686241304,0.16264135982713765,0.06275161472509978,0.5399182956675636,0.3928209672280254,0.3599642246791295,0.8369609557109556,0.4272300469483568,0.48826291079812206,0.5170454545454546,0.2208067940552017
UCI Cardiotocography (ordinal),Borda mean rank,aggregate,425,False,0.2142541742258848,0.018444697272531594,0.1958094769533532,0.16643729189789122,0.2202137151156759,14996.0,159198.0,813025,0.23063041593019945,0.16264135982713765,0.2303257282830049,0.4895960217681688,0.3928209672280254,0.3599642246791295,0.8369609557109556,0.26588235294117646,0.36941176470588233,0.6420454545454546,0.3333333333333333
UCI Cardiotocography (ordinal),Median rank,aggregate,176,False,0.3646793084216397,0.0024958170663692135,0.3621834913552705,0.058116883116883115,0.37843531468531466,895.0,129879.0,358600,0.38104312354312353,0.1624107756811934,0.07629839397583407,0.5309654392691096,0.4137801723049736,0.3776909904152502,0.8478613053613053,0.42613636363636365,0.5170454545454546,0.42613636363636365,0.1932059447983015
UCI Cardiotocography (ordinal),Median rank,aggregate,213,True,0.3568330903366376,0.002927586984678419,0.3539055033519592,0.05576224643458234,0.37351553124286757,1259.0,152196.0,430047,0.37943056362579897,0.1624107756811934,0.07339967270446436,0.5528251742568999,0.4137801723049736,0.3776909904152502,0.8478613053613053,0.41784037558685444,0.5070422535211268,0.5056818181818182,0.22929936305732485
UCI Cardiotocography (ordinal),Median rank,aggregate,425,False,0.22409028012668736,0.018768180560253374,0.205322099566434,0.16935627081021087,0.23091192032368502,15259.0,166932.0,813025,0.24121833191004838,0.1624107756811934,0.2334170290294507,0.5055890176992662,0.4137801723049736,0.3776909904152502,0.8478613053613053,0.2752941176470588,0.3764705882352941,0.6647727272727273,0.33970276008492567
UCI Cardiotocography (ordinal),Reciprocal-rank fusion,aggregate,176,False,0.33424428332403794,0.0045036252091466816,0.3297406581148912,0.10487012987012986,0.3445367132867133,1615.0,118245.0,358600,0.34924242424242424,0.19185695487560994,0.13869074661252967,0.5099774656597614,0.40643959033874266,0.3810224170149529,0.8486043123543123,0.4034090909090909,0.48863636363636365,0.4034090909090909,0.18259023354564755
UCI Cardiotocography (ordinal),Reciprocal-rank fusion,aggregate,213,True,0.32448778854404287,0.00435998855939002,0.32012779998465285,0.08304544246611746,0.33786619350183694,1875.0,137670.0,430047,0.34503690333428116,0.19185695487560994,0.10987035210980264,0.5272248561328494,0.40643959033874266,0.3810224170149529,0.8486043123543123,0.38967136150234744,0.4788732394366197,0.4715909090909091,0.21656050955414013
UCI Cardiotocography (ordinal),Reciprocal-rank fusion,aggregate,425,False,0.21419882537437349,0.01781003044186833,0.19638879493250516,0.16071032186459488,0.22086523498288205,14480.0,159669.0,813025,0.2305708365605492,0.19185695487560994,0.22256604301972138,0.4952312868829471,0.40643959033874266,0.3810224170149529,0.8486043123543123,0.26823529411764707,0.36941176470588233,0.6477272727272727,0.3333333333333333
UCI Cardiotocography (ordinal),Rank product,aggregate,176,False,0.32422197434467376,0.0053569436698271055,0.3188650306748466,0.12474025974025973,0.3331730769230769,1921.0,114345.0,358600,0.3387703962703963,0.17859544769715607,0.16643085659428247,0.5058944555005848,0.405998959421487,0.374887254685382,0.8446503496503497,0.4034090909090909,0.4772727272727273,0.4034090909090909,0.17834394904458598
UCI Cardiotocography (ordinal),Rank product,aggregate,213,True,0.3249109981002076,0.004783198115554811,0.32012779998465285,0.09110638674816193,0.33786619350183694,2057.0,137670.0,430047,0.3454869138427683,0.17859544769715607,0.12053510095459416,0.5275561148678267,0.405998959421487,0.374887254685382,0.8446503496503497,0.38967136150234744,0.4788732394366197,0.4715909090909091,0.21656050955414013
UCI Cardiotocography (ordinal),Rank product,aggregate,425,False,0.21630946157867223,0.01752221641400941,0.19878724516466284,0.15811320754716982,0.2235626102292769,14246.0,161619.0,813025,0.23284279652321277,0.17859544769715607,0.21844914248628472,0.4966986521781587,0.405998959421487,0.374887254685382,0.8446503496503497,0.26823529411764707,0.37176470588235294,0.6477272727272727,0.3354564755838641
UCI Cardiotocography (ordinal),Best-rank fusion,aggregate,176,False,0.2605409927495817,0.007875069715560514,0.2526659230340212,0.1833766233766234,0.2640034965034965,2824.0,90606.0,358600,0.27223193473193474,0.21690452257713996,0.2499048503001084,0.44607215575328174,0.3610420521806677,0.3762899868432682,0.843927738927739,0.3522727272727273,0.42045454545454547,0.3522727272727273,0.15711252653927812
UCI Cardiotocography (ordinal),Best-rank fusion,aggregate,213,True,0.2391017725969487,0.008106090729617925,0.23099568186733077,0.15439808663300558,0.24379523350242596,3486.0,99339.0,430047,0.2542435743691817,0.21690452257713996,0.2134270233104719,0.45459366810228624,0.3610420521806677,0.3762899868432682,0.843927738927739,0.3380281690140845,0.39906103286384975,0.4090909090909091,0.18046709129511676
UCI Cardiotocography (ordinal),Best-rank fusion,aggregate,425,False,0.22015682174594878,0.011775775652655208,0.20838104609329355,0.10625971143174251,0.2343521112148563,9574.0,169419.0,813025,0.2369842247069026,0.21690452257713996,0.14546477217096015,0.48519759128604273,0.3610420521806677,0.3762899868432682,0.843927738927739,0.26823529411764707,0.3811764705882353,0.6477272727272727,0.34394904458598724
ADBench Mammography (binary stress test),Base: Isolation forest,base,130,False,0.27942779055889017,0.0010468595941948765,0.2783809309646953,0.1804412641621944,0.2800054283904822,1513.0,402337.0,1445275,0.2844034112916288,0.15485027448118194,0.2773539752353792,0.3853238310778537,0.19912686932760976,0.19912686932760976,0.8632856569412461,0.3,0.3,0.15,0.15
ADBench Mammography (binary stress test),Base: Isolation forest,base,260,True,0.18432028952725626,0.0015913559410505804,0.1827289335862057,0.13581823581823582,0.18489531616419833,4573.0,525099.0,2873650,0.18650553877139978,0.15485027448118194,0.2379340163852222,0.2729313840123481,0.19912686932760976,0.19912686932760976,0.8632856569412461,0.20384615384615384,0.20384615384615384,0.20384615384615384,0.20384615384615384
ADBench Mammography (binary stress test),Base: Isolation forest,base,520,False,0.1435068753631354,0.001919819708787436,0.14158705565434795,0.08080628427449237,0.14503278771308406,10904.0,804172.0,5679700,0.287000612680371,0.15485027448118194,0.1551074300866781,0.35849500189439165,0.19912686932760976,0.19912686932760976,0.8632856569412461,0.16153846153846155,0.16153846153846155,0.3230769230769231,0.3230769230769231
ADBench Mammography (binary stress test),Base: Local outlier factor,base,130,False,0.3168407396516234,-0.0002283302485686115,0.317069069900192,-0.03935599284436494,0.3189193327255392,-330.0,458252.0,1445275,0.3224825526940331,0.12814736582145803,-0.058585055076253355,0.293759734774375,0.13852357054371592,0.13852357054371592,0.8006394411228249,0.3384615384615385,0.3384615384615385,0.16923076923076924,0.16923076923076924
ADBench Mammography (binary stress test),Base: Local outlier factor,base,260,True,0.21516120613157483,0.0012997407478294155,0.2138614653837454,0.11092961092961093,0.21639694645736943,3735.0,614563.0,2873650,0.21771209656406032,0.12814736582145803,0.18474708396490666,0.22881794574202333,0.13852357054371592,0.13852357054371592,0.8006394411228249,0.23461538461538461,0.23461538461538461,0.23461538461538461,0.23461538461538461
ADBench Mammography (binary stress test),Base: Local outlier factor,base,520,False,0.1422874447594063,0.002669331126644013,0.1396181136327623,0.11235363865421669,0.14301592855236295,15161.0,792989.0,5679700,0.28456186311171205,0.12814736582145803,0.21670939024451102,0.2899816622409049,0.13852357054371592,0.13852357054371592,0.8006394411228249,0.1596153846153846,0.1596153846153846,0.3192307692307692,0.3192307692307692
ADBench Mammography (binary stress test),Base: kNN distance,base,130,False,0.33291518915085366,0.00037086367646295686,0.33254432547439067,0.0639236732259988,0.334484894459562,536.0,480618.0,1445275,0.3388432312903612,0.1493648269857876,0.09416612458271482,0.34083170635963084,0.17664839542881716,0.17664839542881716,0.8504165522292411,0.35384615384615387,0.35384615384615387,0.17692307692307693,0.17692307692307693
ADBench Mammography (binary stress test),Base: kNN distance,base,260,True,0.2539919614427644,0.0012148313120943748,0.25277713013067005,0.10368280368280368,0.25577398432383325,3491.0,726393.0,2873650,0.2570032183325235,0.1493648269857876,0.16423594516950094,0.2812928515439464,0.17664839542881716,0.17664839542881716,0.8504165522292411,0.27307692307692305,0.27307692307692305,0.27307692307692305,0.27307692307692305
ADBench Mammography (binary stress test),Base: kNN distance,base,520,False,0.16599362642393084,0.002748208532140782,0.16324541789179006,0.11567363272565585,0.1672182384810163,15609.0,927185.0,5679700,0.3319720561412404,0.1493648269857876,0.21146985136486698,0.347162987100479,0.17664839542881716,0.17664839542881716,0.8504165522292411,0.18269230769230768,0.18269230769230768,0.36538461538461536,0.36538461538461536
ADBench Mammography (binary stress test),Base: PCA reconstruction,base,130,False,0.21017176661880957,0.0014294857380083375,0.20874228088080124,0.2463923673225999,0.2099604005873797,2066.0,301690.0,1445275,0.21391418249424293,0.051462466816811145,0.4119250056699202,0.31572231305749243,0.10507275145333747,0.10507275145333747,0.620733244600314,0.23076923076923078,0.23076923076923078,0.11538461538461539,0.11538461538461539
ADBench Mammography (binary stress test),Base: PCA reconstruction,base,260,True,0.11068014545960712,0.0018909748925582447,0.10878917056704887,0.1613899613899614,0.11007894421791703,5434.0,312622.0,2873650,0.11199233797421108,0.051462466816811145,0.33783481092588385,0.20063276010084885,0.10507275145333747,0.10507275145333747,0.620733244600314,0.13076923076923078,0.13076923076923078,0.13076923076923078,0.13076923076923078
ADBench Mammography (binary stress test),Base: PCA reconstruction,base,520,False,0.06112505942215258,0.002233568674401817,0.05889149074775076,0.09401215354972581,0.06032470296279731,12686.0,334486.0,5679700,0.12224452284875245,0.051462466816811145,0.243733800625672,0.22292986906822593,0.10507275145333747,0.10507275145333747,0.620733244600314,0.08076923076923077,0.08076923076923077,0.16153846153846155,0.16153846153846155
ADBench Mammography (binary stress test),Base: HBOS,base,130,False,0.31826745775025517,0.0011983878500631368,0.317069069900192,0.2065593321407275,0.3189193327255392,1732.0,458252.0,1445275,0.32393467559630706,0.14738815675720207,0.3074827739153661,0.42822906416725603,0.2141571863524515,0.2141571863524515,0.8457791956281383,0.3384615384615385,0.3384615384615385,0.16923076923076924,0.16923076923076924
ADBench Mammography (binary stress test),Base: HBOS,base,260,True,0.20808309989038332,0.002004767456022828,0.2060783324343605,0.1711018711018711,0.20852153888407665,5761.0,592197.0,2873650,0.21055007429629785,0.14738815675720207,0.288305071821154,0.3022822505318991,0.2141571863524515,0.2141571863524515,0.8457791956281383,0.22692307692307692,0.22692307692307692,0.22692307692307692,0.22692307692307692
ADBench Mammography (binary stress test),Base: HBOS,base,520,False,0.14804549536067046,0.0025205556631512226,0.14552493969751923,0.10609159626500667,0.14906650603452629,14316.0,826538.0,5679700,0.29607743716505047,0.14738815675720207,0.2017238491350902,0.37651271623558796,0.2141571863524515,0.2141571863524515,0.8457791956281383,0.16538461538461538,0.16538461538461538,0.33076923076923076,0.33076923076923076
ADBench Mammography (binary stress test),Base: Robust diagonal distance,base,130,False,0.09321547802321357,0.000537613948902458,0.09267786407431111,0.0926654740608229,0.0932186875822088,777.0,133945.0,1445275,0.09487531602335228,0.1364950077936273,0.20430309019669401,0.16328412011871357,0.09396257964290178,0.09396257964290178,0.8202233818548017,0.11538461538461539,0.11538461538461539,0.057692307692307696,0.057692307692307696
ADBench Mammography (binary stress test),Base: Robust diagonal distance,base,260,True,0.05885615854401197,0.0006573521479651314,0.05819880639604684,0.0561033561033561,0.058888794991514025,1889.0,167243.0,2873650,0.05955394052070789,0.1364950077936273,0.1453121076272732,0.11588052088858596,0.09396257964290178,0.09396257964290178,0.8202233818548017,0.08076923076923077,0.08076923076923077,0.08076923076923077,0.08076923076923077
ADBench Mammography (binary stress test),Base: Robust diagonal distance,base,520,False,0.06303854076799831,0.00020916597707625403,0.06282937479092206,0.008803912850155625,0.06435842128423953,1188.0,356852.0,5679700,0.12607131036134056,0.1364950077936273,0.02234684790408534,0.17889404057916203,0.09396257964290178,0.09396257964290178,0.8202233818548017,0.08461538461538462,0.08461538461538462,0.16923076923076924,0.16923076923076924
ADBench Mammography (binary stress test),Borda mean rank,aggregate,130,False,0.3332279324004082,0.0006836069260175399,0.33254432547439067,0.11782945736434108,0.334484894459562,988.0,480618.0,1445275,0.3391615433911506,0.14405798522858737,0.17357487143231765,0.41144740039559724,0.19107374275442715,0.19107374275442715,0.8379664645525673,0.35384615384615387,0.35384615384615387,0.17692307692307693,0.17692307692307693
ADBench Mammography (binary stress test),Borda mean rank,aggregate,260,True,0.2269914568580029,0.0014552920501800847,0.2255361648078228,0.1242055242055242,0.22821005781730858,4182.0,648112.0,2873650,0.2296826033986155,0.14405798522858737,0.20349064465163597,0.30050151774985734,0.19107374275442715,0.19107374275442715,0.8379664645525673,0.24615384615384617,0.24615384615384617,0.24615384615384617,0.24615384615384617
ADBench Mammography (binary stress test),Borda mean rank,aggregate,520,False,0.1407239819004525,0.003074810289275842,0.13764917161117665,0.1294204831777086,0.14099906939164183,17464.0,781806.0,5679700,0.2814350805287361,0.14405798522858737,0.2508588276597877,0.35073683497715646,0.19107374275442715,0.19107374275442715,0.8379664645525673,0.1576923076923077,0.1576923076923077,0.3153846153846154,0.3153846153846154
ADBench Mammography (binary stress test),Median rank,aggregate,130,False,0.3643998546989327,0.0009050180761446784,0.36349483662278803,0.15599284436493738,0.36561601792760756,1308.0,525350.0,1445275,0.37088852738399564,0.15106338256489937,0.22585318263716037,0.449461800729571,0.22377515238983903,0.22377515238983903,0.8544014394467567,0.38461538461538464,0.38461538461538464,0.19230769230769232,0.19230769230769232
ADBench Mammography (binary stress test),Median rank,aggregate,260,True,0.24699806865832652,0.0020040714770413934,0.24499399718128512,0.17104247104247106,0.2478985767505405,5759.0,704027.0,2873650,0.24992640793245022,0.15106338256489937,0.2733910489757011,0.3278265126124135,0.22377515238983903,0.22377515238983903,0.8544014394467567,0.2653846153846154,0.2653846153846154,0.2653846153846154,0.2653846153846154
ADBench Mammography (binary stress test),Median rank,aggregate,520,False,0.15865767558145677,0.0032880257760092963,0.15536964980544746,0.1383948421520676,0.15915080183813185,18675.0,882453.0,5679700,0.31730082606215537,0.15106338256489937,0.2573006689505893,0.3886815602827966,0.22377515238983903,0.22377515238983903,0.8544014394467567,0.175,0.175,0.35,0.35
ADBench Mammography (binary stress test),Reciprocal-rank fusion,aggregate,130,False,0.34877653041808654,0.0007569493694971545,0.3480195810485894,0.1304710793082886,0.35005045619358477,1094.0,502984.0,1445275,0.3549870069507532,0.14061494688054244,0.19043126117990725,0.4285426197784374,0.1935404441580887,0.1935404441580887,0.8298889428798795,0.36923076923076925,0.36923076923076925,0.18461538461538463,0.18461538461538463
ADBench Mammography (binary stress test),Reciprocal-rank fusion,aggregate,260,True,0.2352450715988377,0.0019257738416299827,0.23331929775720772,0.16435996435996436,0.23608546539060135,5534.0,670478.0,2873650,0.23803407066246943,0.14061494688054244,0.26652918044277013,0.3123769376065417,0.1935404441580887,0.1935404441580887,0.8298889428798795,0.25384615384615383,0.25384615384615383,0.25384615384615383,0.25384615384615383
ADBench Mammography (binary stress test),Reciprocal-rank fusion,aggregate,520,False,0.13511030512174937,0.003367959575329683,0.1317423455464197,0.14175930042982066,0.1349484919094785,19129.0,748257.0,5679700,0.2702082409031049,0.14061494688054244,0.27899028072044846,0.3479690416084616,0.1935404441580887,0.1935404441580887,0.8298889428798795,0.1519230769230769,0.1519230769230769,0.3038461538461538,0.3038461538461538
ADBench Mammography (binary stress test),Rank product,aggregate,130,False,0.36403452630122296,0.0005396896784348999,0.36349483662278803,0.09302325581395349,0.36561601792760756,780.0,525350.0,1445275,0.37051669377953367,0.1443905821326531,0.13468309056344427,0.4386424139659369,0.2026550310132124,0.2026550310132124,0.8387467517376883,0.38461538461538464,0.38461538461538464,0.19230769230769232,0.19230769230769232
ADBench Mammography (binary stress test),Rank product,aggregate,260,True,0.2543844935882936,0.0016073634576235798,0.25277713013067005,0.13718443718443718,0.25577398432383325,4619.0,726393.0,2873650,0.25740040422819876,0.1443905821326531,0.2173033029899527,0.3268211028100384,0.2026550310132124,0.2026550310132124,0.8387467517376883,0.27307692307692305,0.27307692307692305,0.27307692307692305,0.27307692307692305
ADBench Mammography (binary stress test),Rank product,aggregate,520,False,0.15455076852650668,0.0031190027642305053,0.15143176576227618,0.13128056914184083,0.15511708351668962,17715.0,860087.0,5679700,0.3090873879393517,0.1443905821326531,0.2462278456922717,0.375790839401391,0.2026550310132124,0.2026550310132124,0.8387467517376883,0.17115384615384616,0.17115384615384616,0.3423076923076923,0.3423076923076923
ADBench Mammography (binary stress test),Best-rank fusion,aggregate,130,False,0.29403677500821646,0.00018058846932244728,0.293856186538894,0.031127012522361358,0.295570990124505,261.0,424703.0,1445275,0.29927253008824006,0.12907161299439876,0.04718479170155325,0.3556984812371019,0.1384185448498777,0.1384185448498777,0.802807766251875,0.3153846153846154,0.3153846153846154,0.1576923076923077,0.1576923076923077
ADBench Mammography (binary stress test),Best-rank fusion,aggregate,260,True,0.1880507368677466,0.0014302368068484332,0.18662050006089817,0.12206712206712207,0.18883301995084473,4110.0,536282.0,2873650,0.1902802132409383,0.12907161299439876,0.21236834060330967,0.2528106555017248,0.1384185448498777,0.1384185448498777,0.802807766251875,0.2076923076923077,0.2076923076923077,0.2076923076923077,0.2076923076923077
ADBench Mammography (binary stress test),Best-rank fusion,aggregate,520,False,0.11652974628941669,0.0025078789372678136,0.11402186735214888,0.10555802578923966,0.11679675946298848,14244.0,647610.0,5679700,0.23304882428749496,0.12907161299439876,0.21847730762567277,0.29693207325003884,0.1384185448498777,0.1384185448498777,0.802807766251875,0.1346153846153846,0.1346153846153846,0.2692307692307692,0.2692307692307692
